task,family,os,source_suite,category,run_name,job_id,job_path,trial_path,reward,exception_type,started_at,finished_at
centralized-log-collector-ubuntu7,centralized-log-collector,ubuntu7,legacy,multi-node-os-comparison,2026-10-02__23-55-49,724f92db-3325-44a7-97fb-b0f3528b75ee,jobs/bash-ubuntu7/multi-node-os-comparison/centralized-log-collector-ubuntu7/2026-10-02__23-55-49,jobs/bash-ubuntu7/multi-node-os-comparison/centralized-log-collector-ubuntu7/2026-10-02__23-55-49/centralized-log-collector-ubuntu__728eWgS,1.0,,2026-10-03T04:04:19.823833Z,2026-10-03T04:08:34.507641Z
config-sync-ubuntu7,config-sync,ubuntu7,legacy,multi-node-os-comparison,2026-10-02__23-55-49,f27f2c87-ac08-4e81-ac7b-bed73ef3e208,jobs/bash-ubuntu7/multi-node-os-comparison/config-sync-ubuntu7/2026-10-02__23-55-49,jobs/bash-ubuntu7/multi-node-os-comparison/config-sync-ubuntu7/2026-10-02__23-55-49/config-sync-ubuntu7__3AC6dmy,1.0,,2026-10-03T04:04:52.514981Z,2026-10-03T04:10:01.838442Z
database-reader-writer-roles-ubuntu7,database-reader-writer-roles,ubuntu7,legacy2,multi-node-os-comparison,2026-10-03__01-23-07,bcf1df04-80d7-4bea-ae05-286081eb3c1a,jobs/bash-ubuntu7/multi-node-os-comparison/database-reader-writer-roles-ubuntu7/2026-10-03__01-23-07,jobs/bash-ubuntu7/multi-node-os-comparison/database-reader-writer-roles-ubuntu7/2026-10-03__01-23-07/database-reader-writer-roles-ubu__tZEhDuE,1.0,,2026-10-03T06:25:19.029014Z,2026-10-03T06:32:21.049767Z
forward-proxy-destination-policy-ubuntu7,forward-proxy-destination-policy,ubuntu7,legacy2,multi-node-os-comparison,2026-10-03__01-23-07,2e3c9299-1d08-48c8-bf23-ac37a9e37342,jobs/bash-ubuntu7/multi-node-os-comparison/forward-proxy-destination-policy-ubuntu7/2026-10-03__01-23-07,jobs/bash-ubuntu7/multi-node-os-comparison/forward-proxy-destination-policy-ubuntu7/2026-10-03__01-23-07/forward-proxy-destination-policy__P257Sna,1.0,,2026-10-03T06:28:18.946497Z,2026-10-03T06:33:35.852628Z
ftp-dropbox-confinement-ubuntu7,ftp-dropbox-confinement,ubuntu7,legacy2,multi-node-os-comparison,2026-10-03__01-23-07,44e55588-a5df-49c8-bbde-d3dbe0c9e0aa,jobs/bash-ubuntu7/multi-node-os-comparison/ftp-dropbox-confinement-ubuntu7/2026-10-03__01-23-07,jobs/bash-ubuntu7/multi-node-os-comparison/ftp-dropbox-confinement-ubuntu7/2026-10-03__01-23-07/ftp-dropbox-confinement-ubuntu7__S7GGJjH,1.0,,2026-10-03T06:28:29.423837Z,2026-10-03T06:37:09.118709Z
http-upload-size-boundary-ubuntu7,http-upload-size-boundary,ubuntu7,legacy2,multi-node-os-comparison,2026-10-03__01-23-07,36ecdb64-a475-4484-a865-8d01d0413221,jobs/bash-ubuntu7/multi-node-os-comparison/http-upload-size-boundary-ubuntu7/2026-10-03__01-23-07,jobs/bash-ubuntu7/multi-node-os-comparison/http-upload-size-boundary-ubuntu7/2026-10-03__01-23-07/http-upload-size-boundary-ubuntu__DCQCW8b,1.0,,2026-10-03T06:29:59.790568Z,2026-10-03T06:35:21.929701Z
imap-maildir-cutover-ubuntu7,imap-maildir-cutover,ubuntu7,legacy2,multi-node-os-comparison,2026-10-03__01-23-07,4743797a-81b5-4cf4-b92f-b7105ae1fbf5,jobs/bash-ubuntu7/multi-node-os-comparison/imap-maildir-cutover-ubuntu7/2026-10-03__01-23-07,jobs/bash-ubuntu7/multi-node-os-comparison/imap-maildir-cutover-ubuntu7/2026-10-03__01-23-07/imap-maildir-cutover-ubuntu7__oZA92u8,1.0,,2026-10-03T06:30:02.286491Z,2026-10-03T06:35:42.051483Z
inetd-request-activation-ubuntu7,inetd-request-activation,ubuntu7,legacy2,multi-node-os-comparison,2026-10-03__01-23-07,2765af7e-8de2-44b4-afc1-880687ceba71,jobs/bash-ubuntu7/multi-node-os-comparison/inetd-request-activation-ubuntu7/2026-10-03__01-23-07,jobs/bash-ubuntu7/multi-node-os-comparison/inetd-request-activation-ubuntu7/2026-10-03__01-23-07/inetd-request-activation-ubuntu7__o4BgFpY,1.0,,2026-10-03T06:31:01.564008Z,2026-10-03T06:35:20.424007Z
internal-ca-tls-ubuntu7,internal-ca-tls,ubuntu7,legacy,multi-node-os-comparison,2026-10-02__23-55-49,5f6720b3-232e-4f78-9999-025769903d22,jobs/bash-ubuntu7/multi-node-os-comparison/internal-ca-tls-ubuntu7/2026-10-02__23-55-49,jobs/bash-ubuntu7/multi-node-os-comparison/internal-ca-tls-ubuntu7/2026-10-02__23-55-49/internal-ca-tls-ubuntu7__eRvcYRX,1.0,,2026-10-03T04:05:15.349006Z,2026-10-03T04:14:22.616310Z
internal-dns-resolution-ubuntu7,internal-dns-resolution,ubuntu7,legacy,multi-node-os-comparison,2026-10-02__23-55-49,f78c8117-46c6-43ca-81a7-9a1daf3a12ff,jobs/bash-ubuntu7/multi-node-os-comparison/internal-dns-resolution-ubuntu7/2026-10-02__23-55-49,jobs/bash-ubuntu7/multi-node-os-comparison/internal-dns-resolution-ubuntu7/2026-10-02__23-55-49/internal-dns-resolution-ubuntu7__4m5n2in,1.0,,2026-10-03T04:05:55.269066Z,2026-10-03T04:10:03.508322Z
internal-time-sync-ubuntu7,internal-time-sync,ubuntu7,legacy,multi-node-os-comparison,2026-10-02__23-55-49,09d88787-8dff-4625-b971-b637aa2869e2,jobs/bash-ubuntu7/multi-node-os-comparison/internal-time-sync-ubuntu7/2026-10-02__23-55-49,jobs/bash-ubuntu7/multi-node-os-comparison/internal-time-sync-ubuntu7/2026-10-02__23-55-49/internal-time-sync-ubuntu7__JbF6LBh,1.0,,2026-10-03T04:06:09.588460Z,2026-10-03T04:23:11.846545Z
kerberos-service-identity-ubuntu7,kerberos-service-identity,ubuntu7,legacy2,multi-node-os-comparison,2026-10-03__01-23-07,2a876053-b38c-4594-b8cc-af56ce281e12,jobs/bash-ubuntu7/multi-node-os-comparison/kerberos-service-identity-ubuntu7/2026-10-03__01-23-07,jobs/bash-ubuntu7/multi-node-os-comparison/kerberos-service-identity-ubuntu7/2026-10-03__01-23-07/kerberos-service-identity-ubuntu__gP6eKYa,1.0,,2026-10-03T06:33:43.102869Z,2026-10-03T06:45:46.348114Z
ldap-attribute-privacy-ubuntu7,ldap-attribute-privacy,ubuntu7,legacy2,multi-node-os-comparison,2026-10-03__01-23-07,52f3482f-4484-44af-9436-317574aec0f0,jobs/bash-ubuntu7/multi-node-os-comparison/ldap-attribute-privacy-ubuntu7/2026-10-03__01-23-07,jobs/bash-ubuntu7/multi-node-os-comparison/ldap-attribute-privacy-ubuntu7/2026-10-03__01-23-07/ldap-attribute-privacy-ubuntu7__BdoYzAu,1.0,,2026-10-03T06:35:29.968863Z,2026-10-03T06:44:16.732195Z
ldap-directory-import-ubuntu7,ldap-directory-import,ubuntu7,legacy2,multi-node-os-comparison,2026-10-03__01-23-07,fed75eef-260c-41a6-a650-b828804897c5,jobs/bash-ubuntu7/multi-node-os-comparison/ldap-directory-import-ubuntu7/2026-10-03__01-23-07,jobs/bash-ubuntu7/multi-node-os-comparison/ldap-directory-import-ubuntu7/2026-10-03__01-23-07/ldap-directory-import-ubuntu7__F32ivez,1.0,,2026-10-03T06:35:30.571886Z,2026-10-03T06:41:35.211851Z
load-balanced-web-tier-ubuntu7,load-balanced-web-tier,ubuntu7,legacy,multi-node-os-comparison,2026-10-02__23-55-49,fab3abc4-13b3-41f6-9a2c-741bd6cd7456,jobs/bash-ubuntu7/multi-node-os-comparison/load-balanced-web-tier-ubuntu7/2026-10-02__23-55-49,jobs/bash-ubuntu7/multi-node-os-comparison/load-balanced-web-tier-ubuntu7/2026-10-02__23-55-49/load-balanced-web-tier-ubuntu7__RCwbQtm,1.0,,2026-10-03T04:06:40.384738Z,2026-10-03T04:10:48.497561Z
mysql-relational-import-ubuntu7,mysql-relational-import,ubuntu7,legacy2,multi-node-os-comparison,2026-10-03__01-23-07,55993038-fd8e-4849-aa02-054d3f489be9,jobs/bash-ubuntu7/multi-node-os-comparison/mysql-relational-import-ubuntu7/2026-10-03__01-23-07,jobs/bash-ubuntu7/multi-node-os-comparison/mysql-relational-import-ubuntu7/2026-10-03__01-23-07/mysql-relational-import-ubuntu7__FrptEiE,1.0,,2026-10-03T06:36:54.875298Z,2026-10-03T06:42:06.899023Z
mysql-replication-catchup-ubuntu7,mysql-replication-catchup,ubuntu7,legacy2,multi-node-os-comparison,2026-10-03__01-23-07,ed9e4bc2-2484-462c-b67b-7f6522804419,jobs/bash-ubuntu7/multi-node-os-comparison/mysql-replication-catchup-ubuntu7/2026-10-03__01-23-07,jobs/bash-ubuntu7/multi-node-os-comparison/mysql-replication-catchup-ubuntu7/2026-10-03__01-23-07/mysql-replication-catchup-ubuntu__buknLbu,1.0,,2026-10-03T06:37:39.741083Z,2026-10-03T06:47:15.044441Z
network-scoped-firewall-ubuntu7,network-scoped-firewall,ubuntu7,legacy,multi-node-os-comparison,2026-10-02__23-55-49,f8902262-6c5e-493a-ba08-cbb93b382d3f,jobs/bash-ubuntu7/multi-node-os-comparison/network-scoped-firewall-ubuntu7/2026-10-02__23-55-49,jobs/bash-ubuntu7/multi-node-os-comparison/network-scoped-firewall-ubuntu7/2026-10-02__23-55-49/network-scoped-firewall-ubuntu7__uY6KB63,1.0,,2026-10-03T04:07:11.325842Z,2026-10-03T04:12:20.684551Z
radius-network-authentication-ubuntu7,radius-network-authentication,ubuntu7,legacy2,multi-node-os-comparison,2026-10-03__01-23-07,9f3fc7d0-7de8-460c-9622-cda2df4f39e6,jobs/bash-ubuntu7/multi-node-os-comparison/radius-network-authentication-ubuntu7/2026-10-03__01-23-07,jobs/bash-ubuntu7/multi-node-os-comparison/radius-network-authentication-ubuntu7/2026-10-03__01-23-07/radius-network-authentication-ub__iB9Kdqw,1.0,,2026-10-03T06:44:14.923479Z,2026-10-03T06:51:39.855807Z
rsync-module-publication-ubuntu7,rsync-module-publication,ubuntu7,legacy2,multi-node-os-comparison,2026-10-03__01-23-07,93700d85-8009-4533-82a6-c35fd60313cd,jobs/bash-ubuntu7/multi-node-os-comparison/rsync-module-publication-ubuntu7/2026-10-03__01-23-07,jobs/bash-ubuntu7/multi-node-os-comparison/rsync-module-publication-ubuntu7/2026-10-03__01-23-07/rsync-module-publication-ubuntu7__d5puy9F,1.0,,2026-10-03T06:44:55.255059Z,2026-10-03T06:49:04.374729Z
samba-team-share-ubuntu7,samba-team-share,ubuntu7,legacy2,multi-node-os-comparison,2026-10-03__01-23-07,d6e752f3-457f-4b85-8ffb-c134a5378c05,jobs/bash-ubuntu7/multi-node-os-comparison/samba-team-share-ubuntu7/2026-10-03__01-23-07,jobs/bash-ubuntu7/multi-node-os-comparison/samba-team-share-ubuntu7/2026-10-03__01-23-07/samba-team-share-ubuntu7__DpfUxnA,1.0,,2026-10-03T06:45:49.994765Z,2026-10-03T06:53:06.785557Z
scheduled-backup-ubuntu7,scheduled-backup,ubuntu7,legacy,multi-node-os-comparison,2026-10-02__23-55-49,a5665b0e-ab93-45c7-8a44-ab3ca2d827fa,jobs/bash-ubuntu7/multi-node-os-comparison/scheduled-backup-ubuntu7/2026-10-02__23-55-49,jobs/bash-ubuntu7/multi-node-os-comparison/scheduled-backup-ubuntu7/2026-10-02__23-55-49/scheduled-backup-ubuntu7__efi2JTC,1.0,,2026-10-03T04:08:58.335002Z,2026-10-03T04:12:56.589360Z
shared-nfs-storage-ubuntu7,shared-nfs-storage,ubuntu7,legacy,multi-node-os-comparison,2026-10-02__23-55-49,21416cf7-e1f8-40c1-8955-b2ae4a950ff1,jobs/bash-ubuntu7/multi-node-os-comparison/shared-nfs-storage-ubuntu7/2026-10-02__23-55-49,jobs/bash-ubuntu7/multi-node-os-comparison/shared-nfs-storage-ubuntu7/2026-10-02__23-55-49/shared-nfs-storage-ubuntu7__aZp7Dff,1.0,,2026-10-03T04:10:17.963929Z,2026-10-03T04:15:05.865133Z
smtp-alias-delivery-ubuntu7,smtp-alias-delivery,ubuntu7,legacy2,multi-node-os-comparison,2026-10-03__01-23-07,78e14699-5847-4faa-a199-3bb2f8473be2,jobs/bash-ubuntu7/multi-node-os-comparison/smtp-alias-delivery-ubuntu7/2026-10-03__01-23-07,jobs/bash-ubuntu7/multi-node-os-comparison/smtp-alias-delivery-ubuntu7/2026-10-03__01-23-07/smtp-alias-delivery-ubuntu7__r9qCYbU,1.0,,2026-10-03T06:46:51.921169Z,2026-10-03T06:52:01.004289Z
snmp-readonly-monitoring-ubuntu7,snmp-readonly-monitoring,ubuntu7,legacy2,multi-node-os-comparison,2026-10-03__01-23-07,9181f1af-a1b4-4975-9063-40b4592e607c,jobs/bash-ubuntu7/multi-node-os-comparison/snmp-readonly-monitoring-ubuntu7/2026-10-03__01-23-07,jobs/bash-ubuntu7/multi-node-os-comparison/snmp-readonly-monitoring-ubuntu7/2026-10-03__01-23-07/snmp-readonly-monitoring-ubuntu7__aZZXQD9,0.9,,2026-10-03T06:47:08.871073Z,2026-10-03T06:51:48.045978Z
ssh-controller-access-ubuntu7,ssh-controller-access,ubuntu7,legacy,multi-node-os-comparison,2026-10-02__23-55-49,b8e5892c-c277-4403-8d3d-2e77a88e39e3,jobs/bash-ubuntu7/multi-node-os-comparison/ssh-controller-access-ubuntu7/2026-10-02__23-55-49,jobs/bash-ubuntu7/multi-node-os-comparison/ssh-controller-access-ubuntu7/2026-10-02__23-55-49/ssh-controller-access-ubuntu7__9ctxbVL,1.0,,2026-10-03T04:10:29.722054Z,2026-10-03T04:14:38.639960Z
ssh-forced-command-ingest-ubuntu7,ssh-forced-command-ingest,ubuntu7,legacy2,multi-node-os-comparison,2026-10-03__01-23-07,28191722-def1-4776-9754-49f502cfb870,jobs/bash-ubuntu7/multi-node-os-comparison/ssh-forced-command-ingest-ubuntu7/2026-10-03__01-23-07,jobs/bash-ubuntu7/multi-node-os-comparison/ssh-forced-command-ingest-ubuntu7/2026-10-03__01-23-07/ssh-forced-command-ingest-ubuntu__CUzUS3A,1.0,,2026-10-03T06:49:22.077950Z,2026-10-03T06:55:05.760517Z
ssh-local-service-tunnel-ubuntu7,ssh-local-service-tunnel,ubuntu7,legacy2,multi-node-os-comparison,2026-10-03__01-23-07,54b82bf9-fe9f-43d0-b3a4-e045c26340dd,jobs/bash-ubuntu7/multi-node-os-comparison/ssh-local-service-tunnel-ubuntu7/2026-10-03__01-23-07,jobs/bash-ubuntu7/multi-node-os-comparison/ssh-local-service-tunnel-ubuntu7/2026-10-03__01-23-07/ssh-local-service-tunnel-ubuntu7__cczbhuz,1.0,,2026-10-03T06:49:49.693683Z,2026-10-03T06:55:56.446181Z
tftp-firmware-distribution-ubuntu7,tftp-firmware-distribution,ubuntu7,legacy2,multi-node-os-comparison,2026-10-03__01-23-07,b0a38c23-474e-405c-814c-b18a62dba941,jobs/bash-ubuntu7/multi-node-os-comparison/tftp-firmware-distribution-ubuntu7/2026-10-03__01-23-07,jobs/bash-ubuntu7/multi-node-os-comparison/tftp-firmware-distribution-ubuntu7/2026-10-03__01-23-07/tftp-firmware-distribution-ubunt__mZfVKi2,1.0,,2026-10-03T06:53:14.733952Z,2026-10-03T06:58:44.923533Z
udp-meter-ingestion-ubuntu7,udp-meter-ingestion,ubuntu7,legacy2,multi-node-os-comparison,2026-10-03__01-23-07,cd988b0e-930f-4635-b913-c679a1b7dc98,jobs/bash-ubuntu7/multi-node-os-comparison/udp-meter-ingestion-ubuntu7/2026-10-03__01-23-07,jobs/bash-ubuntu7/multi-node-os-comparison/udp-meter-ingestion-ubuntu7/2026-10-03__01-23-07/udp-meter-ingestion-ubuntu7__Tn5thbm,1.0,,2026-10-03T06:55:15.250578Z,2026-10-03T07:00:29.194240Z
account-resource-limits-ubuntu7,account-resource-limits,ubuntu7,legacy,single-node-os-comparison,2026-10-02__23-55-49,092dcc5e-6265-4f51-95d7-87ccdb3201e4,jobs/bash-ubuntu7/single-node-os-comparison/account-resource-limits-ubuntu7/2026-10-02__23-55-49,jobs/bash-ubuntu7/single-node-os-comparison/account-resource-limits-ubuntu7/2026-10-02__23-55-49/account-resource-limits-ubuntu7__pwSymQL,1.0,,2026-10-03T04:33:25.417397Z,2026-10-03T04:36:31.536602Z
application-log-rotation-ubuntu7,application-log-rotation,ubuntu7,legacy,single-node-os-comparison,2026-10-02__23-55-49,f48b11f2-7a8b-4dff-b0ae-93d8e9c94bed,jobs/bash-ubuntu7/single-node-os-comparison/application-log-rotation-ubuntu7/2026-10-02__23-55-49,jobs/bash-ubuntu7/single-node-os-comparison/application-log-rotation-ubuntu7/2026-10-02__23-55-49/application-log-rotation-ubuntu7__S6hLHTt,1.0,,2026-10-03T04:34:29.658780Z,2026-10-03T04:37:10.398593Z
archive-member-safety-ubuntu7,archive-member-safety,ubuntu7,legacy2,single-node-os-comparison,2026-10-03__01-23-07,f28742eb-760e-4bb0-ad52-7a0251335ee3,jobs/bash-ubuntu7/single-node-os-comparison/archive-member-safety-ubuntu7/2026-10-03__01-23-07,jobs/bash-ubuntu7/single-node-os-comparison/archive-member-safety-ubuntu7/2026-10-03__01-23-07/archive-member-safety-ubuntu7__ySD4CLT,1.0,,2026-10-03T06:20:37.001831Z,2026-10-03T06:24:03.780126Z
atomic-release-publication-ubuntu7,atomic-release-publication,ubuntu7,legacy2,single-node-os-comparison,2026-10-03__01-23-07,8dba5864-1e0a-4a46-b7b2-3936ffa8d2f4,jobs/bash-ubuntu7/single-node-os-comparison/atomic-release-publication-ubuntu7/2026-10-03__01-23-07,jobs/bash-ubuntu7/single-node-os-comparison/atomic-release-publication-ubuntu7/2026-10-03__01-23-07/atomic-release-publication-ubunt__FUnzkDj,1.0,,2026-10-03T06:20:48.305761Z,2026-10-03T06:24:54.487260Z
batch-exclusive-lock-ubuntu7,batch-exclusive-lock,ubuntu7,legacy2,single-node-os-comparison,2026-10-03__01-23-07,ae78def2-0422-4a7e-82f6-34401cb7bf37,jobs/bash-ubuntu7/single-node-os-comparison/batch-exclusive-lock-ubuntu7/2026-10-03__01-23-07,jobs/bash-ubuntu7/single-node-os-comparison/batch-exclusive-lock-ubuntu7/2026-10-03__01-23-07/batch-exclusive-lock-ubuntu7__2SrAUNi,1.0,,2026-10-03T06:21:50.948269Z,2026-10-03T06:25:14.994140Z
boot-kernel-parameter-ubuntu7,boot-kernel-parameter,ubuntu7,legacy,single-node-os-comparison,2026-10-02__23-55-49,f3f4e194-15e8-4e30-b6af-a288cf8dd5ab,jobs/bash-ubuntu7/single-node-os-comparison/boot-kernel-parameter-ubuntu7/2026-10-02__23-55-49,jobs/bash-ubuntu7/single-node-os-comparison/boot-kernel-parameter-ubuntu7/2026-10-02__23-55-49/boot-kernel-parameter-ubuntu7__iMAsisd,1.0,,2026-10-03T04:35:12.955659Z,2026-10-03T04:37:25.761652Z
certificate-rotation-ubuntu7,certificate-rotation,ubuntu7,legacy,single-node-os-comparison,2026-10-02__23-55-49,48fd23e2-81dc-4b58-bc6d-b43be06a3f93,jobs/bash-ubuntu7/single-node-os-comparison/certificate-rotation-ubuntu7/2026-10-02__23-55-49,jobs/bash-ubuntu7/single-node-os-comparison/certificate-rotation-ubuntu7/2026-10-02__23-55-49/certificate-rotation-ubuntu7__2syH2xw,1.0,,2026-10-03T04:35:23.702021Z,2026-10-03T04:40:39.481715Z
cgi-report-execution-ubuntu7,cgi-report-execution,ubuntu7,legacy2,single-node-os-comparison,2026-10-03__01-23-07,987b99be-4a54-4747-b171-1a96356df3b9,jobs/bash-ubuntu7/single-node-os-comparison/cgi-report-execution-ubuntu7/2026-10-03__01-23-07,jobs/bash-ubuntu7/single-node-os-comparison/cgi-report-execution-ubuntu7/2026-10-03__01-23-07/cgi-report-execution-ubuntu7__NoZgoHm,,AgentTimeoutError,2026-10-03T06:24:03.592004Z,2026-10-03T07:04:42.529916Z
child-process-reaping-ubuntu7,child-process-reaping,ubuntu7,legacy2,single-node-os-comparison,2026-10-03__01-23-07,971fec4e-282a-440c-8050-9d0e14974a4c,jobs/bash-ubuntu7/single-node-os-comparison/child-process-reaping-ubuntu7/2026-10-03__01-23-07,jobs/bash-ubuntu7/single-node-os-comparison/child-process-reaping-ubuntu7/2026-10-03__01-23-07/child-process-reaping-ubuntu7__Zi7a6A7,1.0,,2026-10-03T06:24:29.106218Z,2026-10-03T06:28:11.757581Z
chroot-web-service-ubuntu7,chroot-web-service,ubuntu7,legacy,single-node-os-comparison,2026-10-02__23-55-49,8f96ea1d-c6e2-40ba-97d2-0ab8e3584840,jobs/bash-ubuntu7/single-node-os-comparison/chroot-web-service-ubuntu7/2026-10-02__23-55-49,jobs/bash-ubuntu7/single-node-os-comparison/chroot-web-service-ubuntu7/2026-10-02__23-55-49/chroot-web-service-ubuntu7__vBFT73w,1.0,,2026-10-03T04:36:38.648096Z,2026-10-03T04:40:36.549504Z
cron-access-control-ubuntu7,cron-access-control,ubuntu7,legacy,single-node-os-comparison,2026-10-02__23-55-49,1c2cb09b-eb24-4422-a46e-de966a1b56a6,jobs/bash-ubuntu7/single-node-os-comparison/cron-access-control-ubuntu7/2026-10-02__23-55-49,jobs/bash-ubuntu7/single-node-os-comparison/cron-access-control-ubuntu7/2026-10-02__23-55-49/cron-access-control-ubuntu7__iT8YVPb,1.0,,2026-10-03T04:37:03.721423Z,2026-10-03T04:40:01.340190Z
cross-file-accounting-reconciliation-ubuntu7,cross-file-accounting-reconciliation,ubuntu7,legacy2,single-node-os-comparison,2026-10-03__01-23-07,96c04f32-3ed7-4ab3-8a0d-df99fc8cfa21,jobs/bash-ubuntu7/single-node-os-comparison/cross-file-accounting-reconciliation-ubuntu7/2026-10-03__01-23-07,jobs/bash-ubuntu7/single-node-os-comparison/cross-file-accounting-reconciliation-ubuntu7/2026-10-03__01-23-07/cross-file-accounting-reconcilia__mmojCKx,1.0,,2026-10-03T06:24:29.106233Z,2026-10-03T06:28:22.344531Z
custom-ca-trust-ubuntu7,custom-ca-trust,ubuntu7,legacy,single-node-os-comparison,2026-10-02__23-55-49,2623ec37-5891-4070-be14-4770f1dde412,jobs/bash-ubuntu7/single-node-os-comparison/custom-ca-trust-ubuntu7/2026-10-02__23-55-49,jobs/bash-ubuntu7/single-node-os-comparison/custom-ca-trust-ubuntu7/2026-10-02__23-55-49/custom-ca-trust-ubuntu7__ke7zHnw,1.0,,2026-10-03T04:37:39.532738Z,2026-10-03T04:41:16.590265Z
deleted-open-file-recovery-ubuntu7,deleted-open-file-recovery,ubuntu7,legacy2,single-node-os-comparison,2026-10-03__01-23-07,5b44e8bf-9014-4c83-80c5-52e372c2c71e,jobs/bash-ubuntu7/single-node-os-comparison/deleted-open-file-recovery-ubuntu7/2026-10-03__01-23-07,jobs/bash-ubuntu7/single-node-os-comparison/deleted-open-file-recovery-ubuntu7/2026-10-03__01-23-07/deleted-open-file-recovery-ubunt__zmmNto9,1.0,,2026-10-03T06:25:19.007067Z,2026-10-03T06:29:28.631896Z
disk-quota-ubuntu7,disk-quota,ubuntu7,legacy,single-node-os-comparison,2026-10-02__23-55-49,eb5a5e2e-6247-4567-843c-8f502f8c15b9,jobs/bash-ubuntu7/single-node-os-comparison/disk-quota-ubuntu7/2026-10-02__23-55-49,jobs/bash-ubuntu7/single-node-os-comparison/disk-quota-ubuntu7/2026-10-02__23-55-49/disk-quota-ubuntu7__F3sdx6z,1.0,,2026-10-03T04:38:03.091515Z,2026-10-03T04:41:31.357055Z
encrypted-volume-ubuntu7,encrypted-volume,ubuntu7,legacy,single-node-os-comparison,2026-10-02__23-55-49,e8870c57-36e2-46af-9de7-0cc8e59c3f0c,jobs/bash-ubuntu7/single-node-os-comparison/encrypted-volume-ubuntu7/2026-10-02__23-55-49,jobs/bash-ubuntu7/single-node-os-comparison/encrypted-volume-ubuntu7/2026-10-02__23-55-49/encrypted-volume-ubuntu7__tw4Zmmh,1.0,,2026-10-03T04:38:17.395713Z,2026-10-03T04:43:14.393118Z
fifo-worker-reconnection-ubuntu7,fifo-worker-reconnection,ubuntu7,legacy2,single-node-os-comparison,2026-10-03__01-23-07,8c8b7fe3-c8ac-44c7-9bd8-2f7f764adbb4,jobs/bash-ubuntu7/single-node-os-comparison/fifo-worker-reconnection-ubuntu7/2026-10-03__01-23-07,jobs/bash-ubuntu7/single-node-os-comparison/fifo-worker-reconnection-ubuntu7/2026-10-03__01-23-07/fifo-worker-reconnection-ubuntu7__2VyT3yR,1.0,,2026-10-03T06:25:42.988279Z,2026-10-03T06:29:36.216842Z
file-descriptor-leak-ubuntu7,file-descriptor-leak,ubuntu7,legacy2,single-node-os-comparison,2026-10-03__01-23-07,1ad1129a-ec80-4a4d-bd35-64afe56a956e,jobs/bash-ubuntu7/single-node-os-comparison/file-descriptor-leak-ubuntu7/2026-10-03__01-23-07,jobs/bash-ubuntu7/single-node-os-comparison/file-descriptor-leak-ubuntu7/2026-10-03__01-23-07/file-descriptor-leak-ubuntu7__HfzF54k,1.0,,2026-10-03T06:25:55.493910Z,2026-10-03T06:28:40.265610Z
file-integrity-baseline-ubuntu7,file-integrity-baseline,ubuntu7,legacy,single-node-os-comparison,2026-10-02__23-55-49,c8e5142e-efc2-4b73-a91a-f40b74f87329,jobs/bash-ubuntu7/single-node-os-comparison/file-integrity-baseline-ubuntu7/2026-10-02__23-55-49,jobs/bash-ubuntu7/single-node-os-comparison/file-integrity-baseline-ubuntu7/2026-10-02__23-55-49/file-integrity-baseline-ubuntu7__LoU35NN,1.0,,2026-10-03T04:38:21.128677Z,2026-10-03T05:08:16.372005Z
filename-encoding-migration-ubuntu7,filename-encoding-migration,ubuntu7,legacy2,single-node-os-comparison,2026-10-03__01-23-07,aa53400e-83f0-4bac-911a-fa9d9c413f0f,jobs/bash-ubuntu7/single-node-os-comparison/filename-encoding-migration-ubuntu7/2026-10-03__01-23-07,jobs/bash-ubuntu7/single-node-os-comparison/filename-encoding-migration-ubuntu7/2026-10-03__01-23-07/filename-encoding-migration-ubun__QDV9wUt,1.0,,2026-10-03T06:26:44.064097Z,2026-10-03T06:30:36.453952Z
filesystem-snapshot-rollback-ubuntu7,filesystem-snapshot-rollback,ubuntu7,legacy,single-node-os-comparison,2026-10-02__23-55-49,68a9d973-3f0d-40f3-bc24-8e35f6c763e6,jobs/bash-ubuntu7/single-node-os-comparison/filesystem-snapshot-rollback-ubuntu7/2026-10-02__23-55-49,jobs/bash-ubuntu7/single-node-os-comparison/filesystem-snapshot-rollback-ubuntu7/2026-10-02__23-55-49/filesystem-snapshot-rollback-ubu__WjpAew7,1.0,,2026-10-03T04:40:09.451243Z,2026-10-03T04:44:18.039641Z
fixed-width-import-recovery-ubuntu7,fixed-width-import-recovery,ubuntu7,legacy2,single-node-os-comparison,2026-10-03__01-23-07,d3c91b9e-9f5d-44c9-97a5-bc535e3ff451,jobs/bash-ubuntu7/single-node-os-comparison/fixed-width-import-recovery-ubuntu7/2026-10-03__01-23-07,jobs/bash-ubuntu7/single-node-os-comparison/fixed-width-import-recovery-ubuntu7/2026-10-03__01-23-07/fixed-width-import-recovery-ubun__csEFN4U,1.0,,2026-10-03T06:27:28.103632Z,2026-10-03T06:30:39.836600Z
hardlink-aware-deduplication-ubuntu7,hardlink-aware-deduplication,ubuntu7,legacy2,single-node-os-comparison,2026-10-03__01-23-07,d1955850-02aa-45e3-ad5d-bd8d7519e046,jobs/bash-ubuntu7/single-node-os-comparison/hardlink-aware-deduplication-ubuntu7/2026-10-03__01-23-07,jobs/bash-ubuntu7/single-node-os-comparison/hardlink-aware-deduplication-ubuntu7/2026-10-03__01-23-07/hardlink-aware-deduplication-ubu__v9qd5RX,1.0,,2026-10-03T06:29:05.951740Z,2026-10-03T06:32:20.713982Z
host-firewall-baseline-ubuntu7,host-firewall-baseline,ubuntu7,legacy,single-node-os-comparison,2026-10-02__23-55-49,cae75e21-1dee-4bbd-9e72-1fa87b900dfd,jobs/bash-ubuntu7/single-node-os-comparison/host-firewall-baseline-ubuntu7/2026-10-02__23-55-49,jobs/bash-ubuntu7/single-node-os-comparison/host-firewall-baseline-ubuntu7/2026-10-02__23-55-49/host-firewall-baseline-ubuntu7__idAajk9,1.0,,2026-10-03T04:40:49.721000Z,2026-10-03T04:43:26.328292Z
incremental-archive-chain-ubuntu7,incremental-archive-chain,ubuntu7,legacy2,single-node-os-comparison,2026-10-03__01-23-07,3e1310de-b8d2-414d-911a-c1f994340ce2,jobs/bash-ubuntu7/single-node-os-comparison/incremental-archive-chain-ubuntu7/2026-10-03__01-23-07,jobs/bash-ubuntu7/single-node-os-comparison/incremental-archive-chain-ubuntu7/2026-10-03__01-23-07/incremental-archive-chain-ubuntu__MmVdgwY,1.0,,2026-10-03T06:30:45.817179Z,2026-10-03T06:33:19.275027Z
inherited-directory-acls-ubuntu7,inherited-directory-acls,ubuntu7,legacy2,single-node-os-comparison,2026-10-03__01-23-07,6385e3e2-a8ff-4159-b3fe-cd9efbdd356a,jobs/bash-ubuntu7/single-node-os-comparison/inherited-directory-acls-ubuntu7/2026-10-03__01-23-07,jobs/bash-ubuntu7/single-node-os-comparison/inherited-directory-acls-ubuntu7/2026-10-03__01-23-07/inherited-directory-acls-ubuntu7__vq6mEzz,1.0,,2026-10-03T06:32:30.187037Z,2026-10-03T06:36:14.118283Z
inode-cache-retention-ubuntu7,inode-cache-retention,ubuntu7,legacy2,single-node-os-comparison,2026-10-03__01-23-07,ec1d1ba1-fee5-4fc6-8660-abf49a0173b3,jobs/bash-ubuntu7/single-node-os-comparison/inode-cache-retention-ubuntu7/2026-10-03__01-23-07,jobs/bash-ubuntu7/single-node-os-comparison/inode-cache-retention-ubuntu7/2026-10-03__01-23-07/inode-cache-retention-ubuntu7__fugaLUP,1.0,,2026-10-03T06:32:30.187030Z,2026-10-03T06:35:47.676453Z
kernel-module-blacklist-ubuntu7,kernel-module-blacklist,ubuntu7,legacy,single-node-os-comparison,2026-10-02__23-55-49,3276a67b-fe48-4a22-a2d1-e0b6b8d154b0,jobs/bash-ubuntu7/single-node-os-comparison/kernel-module-blacklist-ubuntu7/2026-10-02__23-55-49,jobs/bash-ubuntu7/single-node-os-comparison/kernel-module-blacklist-ubuntu7/2026-10-02__23-55-49/kernel-module-blacklist-ubuntu7__YMQQsYx,1.0,,2026-10-03T04:40:49.730324Z,2026-10-03T04:44:25.073771Z
kernel-network-hardening-ubuntu7,kernel-network-hardening,ubuntu7,legacy,single-node-os-comparison,2026-10-02__23-55-49,d0610df6-231f-40e6-ab8a-7d105b385979,jobs/bash-ubuntu7/single-node-os-comparison/kernel-network-hardening-ubuntu7/2026-10-02__23-55-49,jobs/bash-ubuntu7/single-node-os-comparison/kernel-network-hardening-ubuntu7/2026-10-02__23-55-49/kernel-network-hardening-ubuntu7__B3wHxXd,1.0,,2026-10-03T04:41:42.038860Z,2026-10-03T04:45:04.630820Z
large-counter-overflow-ubuntu7,large-counter-overflow,ubuntu7,legacy2,single-node-os-comparison,2026-10-03__01-23-07,dcc01563-f9f3-4e27-a214-fa98a58e009d,jobs/bash-ubuntu7/single-node-os-comparison/large-counter-overflow-ubuntu7/2026-10-03__01-23-07,jobs/bash-ubuntu7/single-node-os-comparison/large-counter-overflow-ubuntu7/2026-10-03__01-23-07/large-counter-overflow-ubuntu7__RWi4aai,1.0,,2026-10-03T06:33:44.816005Z,2026-10-03T06:36:30.658263Z
local-package-repository-ubuntu7,local-package-repository,ubuntu7,legacy,single-node-os-comparison,2026-10-02__23-55-49,f8c846ec-54b0-43d5-bb13-f7747f0b1c70,jobs/bash-ubuntu7/single-node-os-comparison/local-package-repository-ubuntu7/2026-10-02__23-55-49,jobs/bash-ubuntu7/single-node-os-comparison/local-package-repository-ubuntu7/2026-10-02__23-55-49/local-package-repository-ubuntu7__MMKawVy,1.0,,2026-10-03T04:42:08.137185Z,2026-10-03T04:45:51.290235Z
lvm-extend-ubuntu7,lvm-extend,ubuntu7,legacy,single-node-os-comparison,2026-10-02__23-55-49,a0748fcb-c584-4098-8ee5-ec08d3a607b9,jobs/bash-ubuntu7/single-node-os-comparison/lvm-extend-ubuntu7/2026-10-02__23-55-49,jobs/bash-ubuntu7/single-node-os-comparison/lvm-extend-ubuntu7/2026-10-02__23-55-49/lvm-extend-ubuntu7__WTHSrmL,1.0,,2026-10-03T04:42:40.911079Z,2026-10-03T05:20:26.337660Z
mail-filter-routing-ubuntu7,mail-filter-routing,ubuntu7,legacy2,single-node-os-comparison,2026-10-03__01-23-07,1aae8436-9ee9-49c8-86b8-dd46486dcb0e,jobs/bash-ubuntu7/single-node-os-comparison/mail-filter-routing-ubuntu7/2026-10-03__01-23-07,jobs/bash-ubuntu7/single-node-os-comparison/mail-filter-routing-ubuntu7/2026-10-03__01-23-07/mail-filter-routing-ubuntu7__Zv56nhT,1.0,,2026-10-03T06:35:59.159086Z,2026-10-03T06:39:05.173687Z
mail-spool-deduplication-ubuntu7,mail-spool-deduplication,ubuntu7,legacy2,single-node-os-comparison,2026-10-03__01-23-07,46862b45-741a-4c99-b4d1-d8ee6e781310,jobs/bash-ubuntu7/single-node-os-comparison/mail-spool-deduplication-ubuntu7/2026-10-03__01-23-07,jobs/bash-ubuntu7/single-node-os-comparison/mail-spool-deduplication-ubuntu7/2026-10-03__01-23-07/mail-spool-deduplication-ubuntu7__ZSbhn2U,1.0,,2026-10-03T06:36:13.746037Z,2026-10-03T06:40:34.771215Z
mandatory-access-control-port-ubuntu7,mandatory-access-control-port,ubuntu7,legacy,single-node-os-comparison,2026-10-02__23-55-49,8d47c60b-5aeb-445f-9495-ff0ae58ea515,jobs/bash-ubuntu7/single-node-os-comparison/mandatory-access-control-port-ubuntu7/2026-10-02__23-55-49,jobs/bash-ubuntu7/single-node-os-comparison/mandatory-access-control-port-ubuntu7/2026-10-02__23-55-49/mandatory-access-control-port-ub__hX3caBi,1.0,,2026-10-03T04:43:22.325695Z,2026-10-03T04:46:45.419987Z
minimal-environment-job-ubuntu7,minimal-environment-job,ubuntu7,legacy2,single-node-os-comparison,2026-10-03__01-23-07,1dc674d9-bbc2-47ea-924d-a91df7a78e45,jobs/bash-ubuntu7/single-node-os-comparison/minimal-environment-job-ubuntu7/2026-10-03__01-23-07,jobs/bash-ubuntu7/single-node-os-comparison/minimal-environment-job-ubuntu7/2026-10-03__01-23-07/minimal-environment-job-ubuntu7__NcU8hS6,1.0,,2026-10-03T06:36:35.006803Z,2026-10-03T06:39:02.942138Z
mount-option-hardening-ubuntu7,mount-option-hardening,ubuntu7,legacy,single-node-os-comparison,2026-10-02__23-55-49,5d26d30b-a3f6-45c1-8758-5539cc566ef9,jobs/bash-ubuntu7/single-node-os-comparison/mount-option-hardening-ubuntu7/2026-10-02__23-55-49,jobs/bash-ubuntu7/single-node-os-comparison/mount-option-hardening-ubuntu7/2026-10-02__23-55-49/mount-option-hardening-ubuntu7__3UFfXY3,1.0,,2026-10-03T04:43:33.335857Z,2026-10-03T04:47:39.921907Z
name-based-web-tenants-ubuntu7,name-based-web-tenants,ubuntu7,legacy2,single-node-os-comparison,2026-10-03__01-23-07,8036328e-6818-4cd6-a597-3da6968b7986,jobs/bash-ubuntu7/single-node-os-comparison/name-based-web-tenants-ubuntu7/2026-10-03__01-23-07,jobs/bash-ubuntu7/single-node-os-comparison/name-based-web-tenants-ubuntu7/2026-10-03__01-23-07/name-based-web-tenants-ubuntu7__akHkjJp,1.0,,2026-10-03T06:39:12.197671Z,2026-10-03T06:42:01.680115Z
numeric-record-ordering-ubuntu7,numeric-record-ordering,ubuntu7,legacy2,single-node-os-comparison,2026-10-03__01-23-07,329fe1ee-5e28-4a80-83a0-7bd11146c701,jobs/bash-ubuntu7/single-node-os-comparison/numeric-record-ordering-ubuntu7/2026-10-03__01-23-07,jobs/bash-ubuntu7/single-node-os-comparison/numeric-record-ordering-ubuntu7/2026-10-03__01-23-07/numeric-record-ordering-ubuntu7__9j5f44x,1.0,,2026-10-03T06:39:12.546267Z,2026-10-03T06:42:57.035858Z
package-version-hold-ubuntu7,package-version-hold,ubuntu7,legacy,single-node-os-comparison,2026-10-02__23-55-49,af31acff-098b-4758-aef4-bc8f2dd8878a,jobs/bash-ubuntu7/single-node-os-comparison/package-version-hold-ubuntu7/2026-10-02__23-55-49,jobs/bash-ubuntu7/single-node-os-comparison/package-version-hold-ubuntu7/2026-10-02__23-55-49/package-version-hold-ubuntu7__8ox4zM4,1.0,,2026-10-03T04:43:40.279131Z,2026-10-03T04:45:25.891930Z
password-complexity-policy-ubuntu7,password-complexity-policy,ubuntu7,legacy,single-node-os-comparison,2026-10-02__23-55-49,9ac794c2-6567-4bf5-9194-b8de74a9a19e,jobs/bash-ubuntu7/single-node-os-comparison/password-complexity-policy-ubuntu7/2026-10-02__23-55-49,jobs/bash-ubuntu7/single-node-os-comparison/password-complexity-policy-ubuntu7/2026-10-02__23-55-49/password-complexity-policy-ubunt__g2uo7q3,1.0,,2026-10-03T04:44:45.045744Z,2026-10-03T04:50:52.056310Z
permanent-url-migration-ubuntu7,permanent-url-migration,ubuntu7,legacy2,single-node-os-comparison,2026-10-03__01-23-07,310654cd-0fcd-4968-92c1-7ba07c11501c,jobs/bash-ubuntu7/single-node-os-comparison/permanent-url-migration-ubuntu7/2026-10-03__01-23-07,jobs/bash-ubuntu7/single-node-os-comparison/permanent-url-migration-ubuntu7/2026-10-03__01-23-07/permanent-url-migration-ubuntu7__2cs97QK,1.0,,2026-10-03T06:40:41.902570Z,2026-10-03T06:44:06.901002Z
persistent-swap-ubuntu7,persistent-swap,ubuntu7,legacy,single-node-os-comparison,2026-10-02__23-55-49,a2cc2f28-d532-46af-b168-1dbcc6412909,jobs/bash-ubuntu7/single-node-os-comparison/persistent-swap-ubuntu7/2026-10-02__23-55-49,jobs/bash-ubuntu7/single-node-os-comparison/persistent-swap-ubuntu7/2026-10-02__23-55-49/persistent-swap-ubuntu7__9g9FvLP,1.0,,2026-10-03T04:44:50.495944Z,2026-10-03T04:48:06.149447Z
posix-shell-installer-ubuntu7,posix-shell-installer,ubuntu7,legacy2,single-node-os-comparison,2026-10-03__01-23-07,e4241f12-3310-450e-a644-bdccb345a172,jobs/bash-ubuntu7/single-node-os-comparison/posix-shell-installer-ubuntu7/2026-10-03__01-23-07,jobs/bash-ubuntu7/single-node-os-comparison/posix-shell-installer-ubuntu7/2026-10-03__01-23-07/posix-shell-installer-ubuntu7__vjEBv2g,1.0,,2026-10-03T06:41:42.183342Z,2026-10-03T06:44:41.463557Z
postgresql-sequence-repair-ubuntu7,postgresql-sequence-repair,ubuntu7,legacy2,single-node-os-comparison,2026-10-03__01-23-07,0818fe07-74ac-4897-b2c3-19b2258e5af1,jobs/bash-ubuntu7/single-node-os-comparison/postgresql-sequence-repair-ubuntu7/2026-10-03__01-23-07,jobs/bash-ubuntu7/single-node-os-comparison/postgresql-sequence-repair-ubuntu7/2026-10-03__01-23-07/postgresql-sequence-repair-ubunt__GZE5EsB,1.0,,2026-10-03T06:42:17.505751Z,2026-10-03T06:45:42.766236Z
print-spool-recovery-ubuntu7,print-spool-recovery,ubuntu7,legacy2,single-node-os-comparison,2026-10-03__01-23-07,49dd3585-b603-42e2-9837-6b4cc90457c7,jobs/bash-ubuntu7/single-node-os-comparison/print-spool-recovery-ubuntu7/2026-10-03__01-23-07,jobs/bash-ubuntu7/single-node-os-comparison/print-spool-recovery-ubuntu7/2026-10-03__01-23-07/print-spool-recovery-ubuntu7__oqGdRei,1.0,,2026-10-03T06:42:18.318886Z,2026-10-03T06:45:47.409326Z
privacy-safe-support-export-ubuntu7,privacy-safe-support-export,ubuntu7,legacy2,single-node-os-comparison,2026-10-03__01-23-07,e36460bb-a70f-4d32-87a8-32e62c107607,jobs/bash-ubuntu7/single-node-os-comparison/privacy-safe-support-export-ubuntu7/2026-10-03__01-23-07,jobs/bash-ubuntu7/single-node-os-comparison/privacy-safe-support-export-ubuntu7/2026-10-03__01-23-07/privacy-safe-support-export-ubun__m75kYpY,1.0,,2026-10-03T06:43:10.753244Z,2026-10-03T06:46:31.698581Z
relative-symlink-relocation-ubuntu7,relative-symlink-relocation,ubuntu7,legacy2,single-node-os-comparison,2026-10-03__01-23-07,31f4c622-f804-4155-9bc2-a902e9165ade,jobs/bash-ubuntu7/single-node-os-comparison/relative-symlink-relocation-ubuntu7/2026-10-03__01-23-07,jobs/bash-ubuntu7/single-node-os-comparison/relative-symlink-relocation-ubuntu7/2026-10-03__01-23-07/relative-symlink-relocation-ubun__rHHZeuV,1.0,,2026-10-03T06:44:23.721687Z,2026-10-03T06:46:52.648802Z
repair-application-permissions-ubuntu7,repair-application-permissions,ubuntu7,legacy,single-node-os-comparison,2026-10-02__23-55-49,4339159e-8d70-4785-9a3d-4e64649a04bc,jobs/bash-ubuntu7/single-node-os-comparison/repair-application-permissions-ubuntu7/2026-10-02__23-55-49,jobs/bash-ubuntu7/single-node-os-comparison/repair-application-permissions-ubuntu7/2026-10-02__23-55-49/repair-application-permissions-u__b8yJnXU,0.875,,2026-10-03T04:45:33.746416Z,2026-10-03T05:03:06.502139Z
scheduled-maintenance-ubuntu7,scheduled-maintenance,ubuntu7,legacy,single-node-os-comparison,2026-10-02__23-55-49,d4038264-2290-44f0-9c3c-f22437808d14,jobs/bash-ubuntu7/single-node-os-comparison/scheduled-maintenance-ubuntu7/2026-10-02__23-55-49,jobs/bash-ubuntu7/single-node-os-comparison/scheduled-maintenance-ubuntu7/2026-10-02__23-55-49/scheduled-maintenance-ubuntu7__nG2E6Y7,1.0,,2026-10-03T04:46:02.216717Z,2026-10-03T04:48:20.620427Z
selective-tape-restore-ubuntu7,selective-tape-restore,ubuntu7,legacy2,single-node-os-comparison,2026-10-03__01-23-07,2c395a7c-4127-442a-95c4-8f38d8f46db7,jobs/bash-ubuntu7/single-node-os-comparison/selective-tape-restore-ubuntu7/2026-10-03__01-23-07,jobs/bash-ubuntu7/single-node-os-comparison/selective-tape-restore-ubuntu7/2026-10-03__01-23-07/selective-tape-restore-ubuntu7__kb2QQ53,1.0,,2026-10-03T06:45:58.008022Z,2026-10-03T06:48:07.005965Z
service-confinement-ubuntu7,service-confinement,ubuntu7,legacy,single-node-os-comparison,2026-10-02__23-55-49,942667f8-7d3e-40b2-9f0c-f484b50ef0ee,jobs/bash-ubuntu7/single-node-os-comparison/service-confinement-ubuntu7/2026-10-02__23-55-49,jobs/bash-ubuntu7/single-node-os-comparison/service-confinement-ubuntu7/2026-10-02__23-55-49/service-confinement-ubuntu7__YSLVibU,1.0,,2026-10-03T04:46:21.462665Z,2026-10-03T04:50:32.224560Z
service-resource-limits-ubuntu7,service-resource-limits,ubuntu7,legacy,single-node-os-comparison,2026-10-02__23-55-49,fb01688c-8a4b-43b2-83ab-cbc317d003b7,jobs/bash-ubuntu7/single-node-os-comparison/service-resource-limits-ubuntu7/2026-10-02__23-55-49,jobs/bash-ubuntu7/single-node-os-comparison/service-resource-limits-ubuntu7/2026-10-02__23-55-49/service-resource-limits-ubuntu7__dWdwMhy,1.0,,2026-10-03T04:47:05.417779Z,2026-10-03T04:50:16.479206Z
signal-driven-config-reload-ubuntu7,signal-driven-config-reload,ubuntu7,legacy2,single-node-os-comparison,2026-10-03__01-23-07,eb72b971-3886-402f-b3be-cad0b848f874,jobs/bash-ubuntu7/single-node-os-comparison/signal-driven-config-reload-ubuntu7/2026-10-03__01-23-07,jobs/bash-ubuntu7/single-node-os-comparison/signal-driven-config-reload-ubuntu7/2026-10-03__01-23-07/signal-driven-config-reload-ubun__CMqQUNP,1.0,,2026-10-03T06:45:58.005818Z,2026-10-03T06:53:32.857502Z
sparse-image-copy-ubuntu7,sparse-image-copy,ubuntu7,legacy2,single-node-os-comparison,2026-10-03__01-23-07,aa9f8799-1e33-40ea-bf65-01f2fdd770e0,jobs/bash-ubuntu7/single-node-os-comparison/sparse-image-copy-ubuntu7/2026-10-03__01-23-07,jobs/bash-ubuntu7/single-node-os-comparison/sparse-image-copy-ubuntu7/2026-10-03__01-23-07/sparse-image-copy-ubuntu7__oioAGug,1.0,,2026-10-03T06:47:23.219767Z,2026-10-03T06:49:40.409280Z
sqlite-lock-contention-ubuntu7,sqlite-lock-contention,ubuntu7,legacy2,single-node-os-comparison,2026-10-03__01-23-07,8f08c6cf-ef97-4e1c-b83c-dbfcc464d5d8,jobs/bash-ubuntu7/single-node-os-comparison/sqlite-lock-contention-ubuntu7/2026-10-03__01-23-07,jobs/bash-ubuntu7/single-node-os-comparison/sqlite-lock-contention-ubuntu7/2026-10-03__01-23-07/sqlite-lock-contention-ubuntu7__Yj9kyG5,1.0,,2026-10-03T06:48:14.039630Z,2026-10-03T06:53:37.085232Z
ssh-host-key-pinning-ubuntu7,ssh-host-key-pinning,ubuntu7,legacy,single-node-os-comparison,2026-10-02__23-55-49,abd443d9-c599-4119-bb6b-7c6e9090a9b8,jobs/bash-ubuntu7/single-node-os-comparison/ssh-host-key-pinning-ubuntu7/2026-10-02__23-55-49,jobs/bash-ubuntu7/single-node-os-comparison/ssh-host-key-pinning-ubuntu7/2026-10-02__23-55-49/ssh-host-key-pinning-ubuntu7__esEtQsj,1.0,,2026-10-03T04:48:23.046370Z,2026-10-03T04:51:07.415940Z
ssh-key-only-ubuntu7,ssh-key-only,ubuntu7,legacy,single-node-os-comparison,2026-10-02__23-55-49,16d1da14-bd3f-4957-90a2-5b6fb593e3a7,jobs/bash-ubuntu7/single-node-os-comparison/ssh-key-only-ubuntu7/2026-10-02__23-55-49,jobs/bash-ubuntu7/single-node-os-comparison/ssh-key-only-ubuntu7/2026-10-02__23-55-49/ssh-key-only-ubuntu7__K68kSAN,1.0,,2026-10-03T04:48:40.942900Z,2026-10-03T04:51:08.223847Z
stale-pidfile-startup-ubuntu7,stale-pidfile-startup,ubuntu7,legacy2,single-node-os-comparison,2026-10-03__01-23-07,7f50093f-db2d-4828-b930-39e7540e5153,jobs/bash-ubuntu7/single-node-os-comparison/stale-pidfile-startup-ubuntu7/2026-10-03__01-23-07,jobs/bash-ubuntu7/single-node-os-comparison/stale-pidfile-startup-ubuntu7/2026-10-03__01-23-07/stale-pidfile-startup-ubuntu7__Som3LeR,1.0,,2026-10-03T06:51:47.352682Z,2026-10-03T06:58:42.342132Z
sticky-drop-directory-ubuntu7,sticky-drop-directory,ubuntu7,legacy,single-node-os-comparison,2026-10-02__23-55-49,99ecfdf4-e198-405f-81e4-fcefebe63359,jobs/bash-ubuntu7/single-node-os-comparison/sticky-drop-directory-ubuntu7/2026-10-02__23-55-49,jobs/bash-ubuntu7/single-node-os-comparison/sticky-drop-directory-ubuntu7/2026-10-02__23-55-49/sticky-drop-directory-ubuntu7__qQa2wAW,1.0,,2026-10-03T04:48:55.765143Z,2026-10-03T04:50:30.298691Z
sudo-command-logging-ubuntu7,sudo-command-logging,ubuntu7,legacy,single-node-os-comparison,2026-10-02__23-55-49,929bf543-32a1-4328-825f-8a8101c3eb64,jobs/bash-ubuntu7/single-node-os-comparison/sudo-command-logging-ubuntu7/2026-10-02__23-55-49,jobs/bash-ubuntu7/single-node-os-comparison/sudo-command-logging-ubuntu7/2026-10-02__23-55-49/sudo-command-logging-ubuntu7__fQ79rTa,1.0,,2026-10-03T04:50:44.967921Z,2026-10-03T04:53:40.634067Z
temporary-file-symlink-defense-ubuntu7,temporary-file-symlink-defense,ubuntu7,legacy2,single-node-os-comparison,2026-10-03__01-23-07,6d942e4f-c457-4fe0-9c1d-d7b074b0bade,jobs/bash-ubuntu7/single-node-os-comparison/temporary-file-symlink-defense-ubuntu7/2026-10-03__01-23-07,jobs/bash-ubuntu7/single-node-os-comparison/temporary-file-symlink-defense-ubuntu7/2026-10-03__01-23-07/temporary-file-symlink-defense-u__p7mDCC3,1.0,,2026-10-03T06:51:55.670613Z,2026-10-03T06:56:05.899157Z
text-export-normalization-ubuntu7,text-export-normalization,ubuntu7,legacy2,single-node-os-comparison,2026-10-03__01-23-07,667c3373-9597-41f1-9f19-fc93ab22f5c9,jobs/bash-ubuntu7/single-node-os-comparison/text-export-normalization-ubuntu7/2026-10-03__01-23-07,jobs/bash-ubuntu7/single-node-os-comparison/text-export-normalization-ubuntu7/2026-10-03__01-23-07/text-export-normalization-ubuntu__6kLwBDj,1.0,,2026-10-03T06:52:23.431614Z,2026-10-03T06:55:11.511879Z
timezone-log-merge-ubuntu7,timezone-log-merge,ubuntu7,legacy2,single-node-os-comparison,2026-10-03__01-23-07,2b88cdf7-f923-4db8-ba38-100a5c623b36,jobs/bash-ubuntu7/single-node-os-comparison/timezone-log-merge-ubuntu7/2026-10-03__01-23-07,jobs/bash-ubuntu7/single-node-os-comparison/timezone-log-merge-ubuntu7/2026-10-03__01-23-07/timezone-log-merge-ubuntu7__RfAJc8Y,1.0,,2026-10-03T06:54:01.021175Z,2026-10-03T06:57:08.047446Z
transactional-schema-upgrade-ubuntu7,transactional-schema-upgrade,ubuntu7,legacy2,single-node-os-comparison,2026-10-03__01-23-07,3e9f40d9-1daa-4110-94db-c3141f791de6,jobs/bash-ubuntu7/single-node-os-comparison/transactional-schema-upgrade-ubuntu7/2026-10-03__01-23-07,jobs/bash-ubuntu7/single-node-os-comparison/transactional-schema-upgrade-ubuntu7/2026-10-03__01-23-07/transactional-schema-upgrade-ubu__fKnT34J,1.0,,2026-10-03T06:54:01.046971Z,2026-10-03T06:58:45.987000Z
unix-socket-access-boundary-ubuntu7,unix-socket-access-boundary,ubuntu7,legacy2,single-node-os-comparison,2026-10-03__01-23-07,5592a78a-d589-4d9b-8c6b-02c67a8d9bbe,jobs/bash-ubuntu7/single-node-os-comparison/unix-socket-access-boundary-ubuntu7/2026-10-03__01-23-07,jobs/bash-ubuntu7/single-node-os-comparison/unix-socket-access-boundary-ubuntu7/2026-10-03__01-23-07/unix-socket-access-boundary-ubun__Pkp9VUw,1.0,,2026-10-03T06:55:19.528780Z,2026-10-03T06:58:45.240503Z
unprivileged-service-ubuntu7,unprivileged-service,ubuntu7,legacy,single-node-os-comparison,2026-10-02__23-55-49,569c8c6f-585f-493f-9dfd-e50a94f9f39e,jobs/bash-ubuntu7/single-node-os-comparison/unprivileged-service-ubuntu7/2026-10-02__23-55-49,jobs/bash-ubuntu7/single-node-os-comparison/unprivileged-service-ubuntu7/2026-10-02__23-55-49/unprivileged-service-ubuntu7__u7Xnktf,1.0,,2026-10-03T04:50:49.032891Z,2026-10-03T04:53:52.938667Z
web-authentication-boundary-ubuntu7,web-authentication-boundary,ubuntu7,legacy2,single-node-os-comparison,2026-10-03__01-23-07,e219ae89-528c-4f3f-b994-837ee4939834,jobs/bash-ubuntu7/single-node-os-comparison/web-authentication-boundary-ubuntu7/2026-10-03__01-23-07,jobs/bash-ubuntu7/single-node-os-comparison/web-authentication-boundary-ubuntu7/2026-10-03__01-23-07/web-authentication-boundary-ubun__wsW7DEQ,0.9,,2026-10-03T06:56:06.757790Z,2026-10-03T07:01:31.609995Z
webdav-document-locks-ubuntu7,webdav-document-locks,ubuntu7,legacy2,single-node-os-comparison,2026-10-03__01-23-07,c6156cee-fc36-499f-8404-6e0481ab2246,jobs/bash-ubuntu7/single-node-os-comparison/webdav-document-locks-ubuntu7/2026-10-03__01-23-07,jobs/bash-ubuntu7/single-node-os-comparison/webdav-document-locks-ubuntu7/2026-10-03__01-23-07/webdav-document-locks-ubuntu7__J22aWtr,1.0,,2026-10-03T06:56:32.331035Z,2026-10-03T07:00:29.836187Z
working-directory-independent-launch-ubuntu7,working-directory-independent-launch,ubuntu7,legacy2,single-node-os-comparison,2026-10-03__01-23-07,d90ba0e8-a2ab-417d-83be-a6e662a9c587,jobs/bash-ubuntu7/single-node-os-comparison/working-directory-independent-launch-ubuntu7/2026-10-03__01-23-07,jobs/bash-ubuntu7/single-node-os-comparison/working-directory-independent-launch-ubuntu7/2026-10-03__01-23-07/working-directory-independent-la__ws5JdYH,1.0,,2026-10-03T06:57:14.885977Z,2026-10-03T06:59:42.226506Z
